COUNTRY,ISO3,WHO_REGION,DATA_SOURCE,DATE_UPDATED,TOTAL_VACCINATIONS,PERSONS_VACCINATED_1PLUS_DOSE,TOTAL_VACCINATIONS_PER100,PERSONS_VACCINATED_1PLUS_DOSE_PER100,PERSONS_LAST_DOSE,PERSONS_LAST_DOSE_PER100,VACCINES_USED,FIRST_VACCINE_DATE,NUMBER_VACCINES_TYPES_USED,PERSONS_BOOSTER_ADD_DOSE,PERSONS_BOOSTER_ADD_DOSE_PER100
Afghanistan,AFG,EMRO,REPORTING,2023-05-29,18434710,15875256,47.355,40.781,15168758,38.966,,2021-02-22,11,1511837,3.884
Albania,ALB,EURO,REPORTING,2023-05-14,3080679,1348396,107,47.379,1277987,44.905,,2021-01-13,6,399190,14.027
Algeria,DZA,AFRO,REPORTING,2022-09-04,15267442,7840131,34.817,17.879,6481186,14.78,,2021-01-30,4,575651,1.313
American Samoa,ASM,WPRO,REPORTING,2023-03-29,114706,46206,207.812,83.711,42479,76.959,,2020-12-21,3,24160,43.77
Andorra,AND,EURO,REPORTING,2023-04-09,157038,57910,203.2,76.02,53496,70.226,,2021-01-20,4,43067,56.535
Angola,AGO,AFRO,REPORTING,2023-05-21,25552936,15745756,77.748,47.909,8821410,26.84,,2021-03-10,1,2026768,6.167
Anguilla,AIA,AMRO,REPORTING,2023-05-05,24604,10854,164.005,72.35,10380,69.191,,2021-02-05,2,3046,20.304
Antigua and Barbuda,ATG,AMRO,REPORTING,2023-05-05,136512,64290,139.399,65.65,62384,63.703,,2021-03-01,6,9838,10.046
Argentina,ARG,AMRO,REPORTING,2022-10-07,109652736,41324100,242.617,91.434,37840119,83.725,,2020-12-29,7,30810184,68.17
Armenia,ARM,EURO,REPORTING,2023-05-14,2156999,1122040,72.8,37.865,996169,33.618,,2021-01-27,10,44890,1.515
Aruba,ABW,AMRO,REPORTING,2023-05-05,216905,90424,203.159,84.694,84253,78.914,,2021-02-17,2,35659,33.399
Australia,AUS,WPRO,REPORTING,2023-03-24,65492360,22231907,256.834,87.184,21648824,84.898,,2021-02-21,5,14368201,56.346
Austria,AUT,EURO,REPORTING,2023-05-14,20401515,6899733,229.2,77.625,6682197,75.072,,2020-12-30,10,5405548,60.729
Azerbaijan,AZE,EURO,REPORTING,2023-05-14,13822539,5434010,136.3,53.594,4886266,48.192,,2021-01-20,5,3502265,34.542
Bahamas,BHS,AMRO,REPORTING,2023-05-05,366359,174810,93.163,44.453,166972,42.46,,2021-03-14,4,33717,8.574
Bahrain,BHR,EMRO,REPORTING,2022-12-21,3476633,1241174,204.319,72.943,1226796,72.098,,2020-11-04,11,1008663,59.278
Bangladesh,BGD,SEARO,REPORTING,2023-05-23,358694968,151327605,217.801,91.887,139912306,84.955,,2021-01-27,8,67455057,40.959
Barbados,BRB,AMRO,REPORTING,2023-05-05,381715,163845,132.828,57.014,155036,53.949,,2021-01-08,5,62834,21.865
Belarus,BLR,EURO,REPORTING,2023-04-16,21205264,6438808,224.4,68.14,6354262,67.246,,2021-02-03,5,5699425,60.316
Belgium,BEL,EURO,REPORTING,2023-05-14,29117995,9254335,252.7,80.316,9158096,79.481,,2020-12-30,4,7244556,62.873
Belize,BLZ,AMRO,REPORTING,2023-05-05,510696,258443,128.436,64.996,221402,55.681,,2021-03-01,5,50177,12.619
Benin,BEN,AFRO,REPORTING,2022-12-18,4232541,3697190,34.913,30.497,2742837,22.625,,2021-03-29,5,,
Bermuda,BMU,AMRO,REPORTING,2023-05-05,132042,48554,212.037,77.97,47657,76.529,,2021-01-11,3,31829,51.112
Bhutan,BTN,SEARO,REPORTING,2022-10-30,2011426,699116,260.68,90.605,677669,87.826,,2021-03-27,5,634641,82.249
Bolivia (Plurinational State of),BOL,AMRO,REPORTING,2023-05-05,15966592,7488170,136.782,64.149,6291246,53.896,,2021-01-30,7,2474734,21.2
Bonaire,XAA,AMRO,REPORTING,2023-05-05,43070,17460,205.929,83.481,16189,77.404,,,,8125,38.848
"Bonaire, Sint Eustatius and Saba",BES,AMRO,OWID,2021-09-01,35845,19109,137.934,73.533,16736,64.401,,,2,,
Bosnia and Herzegovina,BIH,EURO,REPORTING,2022-01-29,1924950,943394,58.7,28.755,846080,25.789,,,4,,
Botswana,BWA,AFRO,REPORTING,2023-05-07,3171667,1951054,134.871,82.966,1663490,70.738,,2021-03-26,6,507654,21.587
Brazil,BRA,AMRO,REPORTING,2023-05-05,509835734,187249676,239.856,88.093,170557580,80.24,,2021-01-17,5,109913632,51.71
British Virgin Islands,VGB,AMRO,REPORTING,2023-05-05,41453,19466,137.094,64.378,18261,60.393,,2021-02-11,3,3726,12.323
Brunei Darussalam,BRN,WPRO,REPORTING,2023-04-28,1291978,451032,295.323,103.098,446630,102.092,,2021-04-03,5,340379,77.805
Bulgaria,BGR,EURO,REPORTING,2023-05-14,4617676,2108296,66.4,30.329,2080070,29.923,,2020-12-30,4,832410,11.975
Burkina Faso,BFA,AFRO,REPORTING,2023-03-19,6674010,5152110,31.928,24.647,4129254,19.754,,2021-06-02,3,,
Burundi,BDI,AFRO,REPORTING,2023-05-14,39182,36909,0.33,0.31,36321,0.305,,2021-10-18,1,314,0.003
Cabo Verde,CPV,AFRO,REPORTING,2022-09-25,859940,356734,154.669,64.162,308720,55.526,,2021-03-18,4,749,0.135
Cambodia,KHM,WPRO,REPORTING,2023-05-19,46974401,15287370,280.965,91.437,14659514,87.682,,2021-02-10,7,10638591,63.632
Cameroon,CMR,AFRO,REPORTING,2023-05-07,4735141,3656503,17.838,13.774,3107836,11.707,,2021-04-12,4,765051,2.882
Canada,CAN,AMRO,REPORTING,2023-05-05,97303025,32645232,257.81,86.495,31311576,82.962,,2020-12-14,6,19770935,52.384
Cayman Islands,CYM,AMRO,REPORTING,2023-05-05,151822,62085,231.013,94.469,60664,92.307,,2021-01-15,1,24064,36.616
Central African Republic,CAF,AFRO,REPORTING,2023-05-21,2914105,2381935,60.336,49.318,2266531,46.928,,2021-03-19,2,226816,4.696
Chad,TCD,AFRO,REPORTING,2023-05-14,8547802,6254729,52.039,38.079,6127422,37.303,,2021-06-04,1,4042573,24.611
Chile,CHL,AMRO,REPORTING,2023-05-05,65788462,18102348,344.15,94.696,17712317,92.656,,2020-12-21,5,15754069,82.412
China,CHN,WPRO,REPORTING,2023-03-23,3515872818,1317994878,238.966,89.581,1284413713,87.299,,2020-07-22,8,833820382,56.673
Colombia,COL,AMRO,REPORTING,2023-05-05,90506612,43012174,177.872,84.532,37019801,72.755,,2021-02-17,5,14792792,29.072
Comoros,COM,AFRO,REPORTING,2022-10-02,835021,438825,96.023,50.463,397080,45.662,,2021-04-10,3,,
Congo,COG,AFRO,REPORTING,2022-07-31,833210,695760,15.1,12.609,654119,11.854,,2021-03-23,4,,
Cook Islands,COK,WPRO,REPORTING,2023-01-31,40080,15112,228.194,86.04,14728,83.853,,2021-05-17,1,10240,58.301
Costa Rica,CRI,AMRO,REPORTING,2023-05-05,13148135,4633174,258.104,90.951,4347590,85.345,,2020-12-24,3,2926735,57.453
Côte d’Ivoire,CIV,AFRO,REPORTING,2023-02-19,25263932,13568372,95.776,51.438,12164304,46.115,,2021-03-01,5,3138712,11.899
Croatia,HRV,EURO,REPORTING,2023-05-14,5432534,2320087,133.9,57.205,2246484,55.357,,2020-12-23,6,994329,24.502
Cuba,CUB,AMRO,REPORTING,2023-05-05,38066013,10736398,336.076,94.789,10013394,88.406,,,3,8724326,77.025
Curaçao,CUW,AMRO,REPORTING,2023-05-05,260324,108601,158.644,66.183,100885,61.48,,2021-02-24,3,43138,26.289
Cyprus,CYP,EURO,REPORTING,2023-05-14,1858796,669185,209.3,75.366,656113,73.886,,2020-12-23,5,487363,54.883
Czechia,CZE,EURO,REPORTING,2023-05-14,18614118,6972084,174.1,65.197,6887797,64.408,,2020-12-23,9,4365578,40.823
Democratic Republic of the Congo,COD,AFRO,REPORTING,2023-04-16,16398195,15388889,18.309,17.183,12873681,14.374,,2021-04-19,1,,
Denmark,DNK,EURO,REPORTING,2023-05-14,15002820,4771581,257.7,81.947,4736323,81.342,,2020-12-16,5,3638964,62.495
Djibouti,DJI,EMRO,REPORTING,2023-04-18,392703,372077,39.747,37.66,351712,35.598,,2021-03-15,11,,
Dominica,DMA,AMRO,REPORTING,2023-05-05,67647,32995,93.966,45.832,30659,42.587,,2021-02-12,5,3993,5.547
Dominican Republic,DOM,AMRO,REPORTING,2023-05-05,15964027,7319510,147.162,67.474,6092990,56.167,,2021-02-16,5,2551527,23.521
Ecuador,ECU,AMRO,REPORTING,2023-02-24,39495110,15329151,223.856,86.885,14233323,80.674,,2021-01-20,4,7708466,43.691
Egypt,EGY,EMRO,REPORTING,2023-05-21,112673535,56907319,110.103,55.609,42337175,41.371,,2021-01-24,10,15217352,14.87
El Salvador,SLV,AMRO,REPORTING,2023-05-05,11418655,4655023,176.045,71.768,4392340,67.718,,2021-02-17,6,1895934,29.23
Equatorial Guinea,GNQ,AFRO,REPORTING,2022-07-24,488738,270109,34.836,19.252,214032,15.255,,2021-02-12,2,4597,0.328
Eritrea,ERI,AFRO,REPORTING,2022-07-03,,0,,0,0,0,,,,,
Estonia,EST,EURO,REPORTING,2023-04-16,2204078,845066,165.8,63.588,842103,63.365,,2020-12-23,9,487178,36.658
Eswatini,SWZ,AFRO,REPORTING,2023-05-21,867487,526050,74.773,45.343,426134,36.73,,2021-03-19,3,177344,15.286
Ethiopia,ETH,AFRO,REPORTING,2023-05-07,54041862,44073766,47.008,38.337,37637944,32.739,,2021-03-13,4,2855358,2.484
Falkland Islands (Malvinas),FLK,AMRO,REPORTING,2022-06-21,9390,3220,269.595,92.449,2976,85.444,,,1,2543,73.012
Faroe Islands,FRO,EURO,OWID,2022-02-18,103894,41715,212.614,85.368,40895,83.69,,,2,21284,43.557
Fiji,FJI,WPRO,REPORTING,2023-03-23,1554370,711950,173.393,79.419,641068,71.512,,2021-03-07,3,171594,19.142
Finland,FIN,EURO,REPORTING,2023-05-14,13261002,4547283,240,82.299,4364702,78.995,,2020-12-23,5,3087911,55.887
France,FRA,EURO,REPORTING,2023-05-14,158014193,54673588,234.7,81.214,53184085,79.002,,2020-12-23,9,41033495,60.953
French Guiana,GUF,AMRO,REPORTING,2023-05-05,242092,100271,81.053,33.571,90446,30.282,,2021-01-13,3,46312,15.505
French Polynesia,PYF,WPRO,REPORTING,2023-01-31,471948,190908,168.008,67.961,186803,66.5,,2021-01-18,2,81177,28.898
Gabon,GAB,AFRO,REPORTING,2023-02-05,572672,311244,25.73,13.984,257471,11.568,,2021-03-23,3,2592,0.116
Gambia,GMB,AFRO,REPORTING,2023-03-19,1444492,674314,59.772,27.903,539186,22.311,,2021-03-10,2,53741,2.224
Georgia,GEO,EURO,REPORTING,2023-04-16,2738178,1300473,68.6,32.6,1186709,29.748,,2021-03-17,4,250996,6.292
Germany,DEU,EURO,REPORTING,2023-05-14,193232623,64867380,232.3,77.997,63564301,76.43,,2020-12-23,9,52141945,62.696
Ghana,GHA,AFRO,REPORTING,2023-03-26,22384226,13221421,72.038,42.55,10170298,32.73,,2021-03-02,2,4062970,13.076
Gibraltar,GIB,EURO,OWID,2022-12-16,132810,42175,394.2,125.182,41465,123.074,,,2,49170,145.944
Greece,GRC,EURO,REPORTING,2023-05-14,21982946,7916291,205.1,73.856,7744496,72.253,,2020-12-23,7,5902227,55.065
Greenland,GRL,EURO,OWID,2022-03-14,79738,41227,140.453,72.619,38511,67.834,,,1,,
Grenada,GRD,AMRO,REPORTING,2023-05-05,90686,44241,80.593,39.317,39034,34.69,,2021-02-15,5,7411,6.586
Guadeloupe,GLP,AMRO,REPORTING,2023-05-05,399976,152096,99.963,38.012,146069,36.506,,2021-01-08,7,88977,22.237
Guam,GUM,WPRO,REPORTING,2023-01-31,352698,135612,208.975,80.351,128788,76.308,,2021-01-04,3,83603,49.535
Guatemala,GTM,AMRO,REPORTING,2023-05-05,20357782,8932924,113.632,49.861,7125460,39.772,,2021-02-25,5,3715127,20.737
Guernsey,GGY,EURO,OWID,2022-12-19,178525,54223,276.92,84.108,52710,81.761,,,3,69339,107.556
Guinea,GIN,AFRO,REPORTING,2023-04-02,10645240,7679918,81.058,58.479,4725982,35.986,,2021-03-05,6,302545,2.304
Guinea-Bissau,GNB,AFRO,REPORTING,2023-05-21,824250,733271,41.883,37.26,533741,27.121,,2021-04-02,2,48801,2.48
Guyana,GUY,AMRO,REPORTING,2023-05-05,960133,495285,122.069,62.969,381984,48.564,,2021-02-11,7,77874,9.901
Haiti,HTI,AMRO,REPORTING,2023-05-05,608275,465761,5.335,4.085,294528,2.583,,,2,,
Honduras,HND,AMRO,REPORTING,2023-05-05,16963148,6596213,171.265,66.597,5853689,59.101,,2021-02-22,6,4513621,45.571
Hungary,HUN,EURO,REPORTING,2023-05-14,16569954,6358513,169.6,65.085,6151876,62.97,,2020-12-23,8,3868577,39.598
Iceland,ISL,EURO,REPORTING,2023-04-16,869976,307269,238.9,84.403,297921,81.816,,2020-12-30,5,254556,69.907
India,IND,SEARO,REPORTING,2023-05-16,2206693803,1025818315,159.905,74.334,952113078,68.993,,2021-01-16,8,228762410,16.577
Indonesia,IDN,SEARO,REPORTING,2023-01-17,444303130,203657535,162.437,74.457,172693321,63.137,,2021-01-13,7,67952274,24.843
Iran (Islamic Republic of),IRN,EMRO,REPORTING,2023-05-23,155369703,65176523,184.979,77.598,58562317,69.723,,2021-02-09,12,28562352,34.006
Iraq,IRQ,EMRO,REPORTING,2023-01-02,19557364,11332925,48.623,28.176,7944775,19.752,,2021-03-02,10,275280,0.684
Ireland,IRL,EURO,REPORTING,2023-05-14,12377654,4107919,249.3,85.49,4062518,81.832,,2020-12-30,5,3056320,61.564
Isle of Man,IMN,EURO,OWID,2022-06-23,189994,69560,223.438,81.804,67106,78.919,,,3,53328,62.715
Israel,ISR,EURO,REPORTING,2022-06-05,15026951,7055466,173.6,81.514,6385731,73.776,,2020-12-16,3,1585754,18.321
Italy,ITA,EURO,REPORTING,2023-05-14,150311519,50580760,252,84.812,49483812,82.969,,2020-12-23,9,44914882,75.308
Jamaica,JAM,AMRO,REPORTING,2023-05-05,1524924,857227,51.497,28.949,757930,25.596,,2021-03-10,6,45971,1.552
Japan,JPN,WPRO,REPORTING,2023-03-30,383172235,104688694,302.959,82.773,103356948,81.72,,2021-02-17,4,86352491,68.276
Jersey,JEY,EURO,OWID,2023-01-29,266953,84365,247.646,78.264,81882,75.96,,,3,73662,68.335
Jordan,JOR,EMRO,REPORTING,2022-08-21,10057975,4821579,98.577,47.256,4558313,44.676,,2021-01-13,10,682211,6.686
Kazakhstan,KAZ,EURO,REPORTING,2023-03-26,33732027,12385925,179.6,65.964,13067200,69.593,,2021-04-07,5,6756767,35.985
Kenya,KEN,AFRO,REPORTING,2023-04-02,23750431,14494372,44.169,26.956,11090440,20.625,,2021-03-05,5,2000636,3.721
Kiribati,KIR,WPRO,REPORTING,2023-02-06,219980,100900,184.162,84.471,81474,68.208,,2021-05-26,2,37606,31.483
Kosovo,XKX,EURO,REPORTING,2023-01-15,1836901,904558,102.3,50.375,824752,45.93,,2021-03-31,2,105624,5.882
Kuwait,KWT,EMRO,REPORTING,2023-05-29,8260362,3457067,193.425,80.951,3345772,78.345,,2020-12-28,10,1457523,34.129
Kyrgyzstan,KGZ,EURO,REPORTING,2023-04-16,3111072,1508959,47.7,23.129,1326178,20.327,,2021-03-31,6,275935,4.229
Lao People's Democratic Republic,LAO,WPRO,REPORTING,2023-01-19,13667658,6290492,187.857,86.461,5648517,77.637,,2020-11-25,8,2359576,32.432
Latvia,LVA,EURO,REPORTING,2023-05-14,2978080,1344301,156.1,70.468,1304678,68.391,,2020-12-30,9,550533,28.859
Lebanon,LBN,EMRO,REPORTING,2022-12-22,5814699,2740227,85.192,40.147,2414223,35.371,,2021-02-14,10,660249,9.673
Lesotho,LSO,AFRO,REPORTING,2023-03-19,1339097,1014073,62.509,47.337,938088,43.79,,2021-03-10,3,177816,8.3
Liberia,LBR,AFRO,REPORTING,2022-12-11,4460668,3903802,88.196,77.186,3730967,73.768,,2021-04-01,1,1987,0.039
Libya,LBY,EMRO,REPORTING,2023-01-16,3739158,2316327,54.417,33.71,1236102,17.989,,2021-04-11,10,186729,2.718
Liechtenstein,LIE,OTHER,REPORTING,2022-04-10,71104,26681,183.5,68.86,26346,67.995,,2021-01-06,3,18310,47.255
Lithuania,LTU,EURO,REPORTING,2023-05-14,4532276,1956451,162.2,70.175,1907015,68.252,,2020-12-23,5,902024,32.283
Luxembourg,LUX,EURO,REPORTING,2023-05-14,1337742,469267,213.7,74.95,462709,73.902,,2020-12-30,8,368474,58.852
Madagascar,MDG,AFRO,REPORTING,2023-05-21,2973152,2580188,10.737,9.318,2519918,9.1,,2021-05-10,3,156776,0.566
Malawi,MWI,AFRO,REPORTING,2023-05-21,8168028,5234809,42.698,27.364,4092667,21.394,,2021-03-11,2,1106940,5.786
Malaysia,MYS,WPRO,REPORTING,2023-05-14,72622256,28135963,224.378,86.931,27549227,85.118,,2021-02-24,8,16333095,50.464
Maldives,MDV,SEARO,REPORTING,2023-05-07,951742,399304,176.071,73.871,385160,71.254,,2021-02-01,8,167278,30.946
Mali,MLI,AFRO,REPORTING,2023-05-14,5922585,4354292,29.246,21.502,3633589,17.943,,2021-03-31,1,,
Malta,MLT,EURO,REPORTING,2023-05-14,1280134,450522,248.8,87.554,444899,86.461,,2020-12-23,4,352628,68.529
Marshall Islands,MHL,WPRO,REPORTING,2023-03-24,110742,47077,187.083,79.53,40689,68.738,,2020-12-29,3,18559,31.353
Martinique,MTQ,AMRO,REPORTING,2023-05-05,401657,150780,107.033,40.18,145515,38.777,,,2,92894,24.754
Mauritania,MRT,AFRO,REPORTING,2023-05-14,4068530,2101236,87.502,45.191,1538089,33.08,,2021-03-26,2,383866,8.256
Mauritius,MUS,AFRO,REPORTING,2023-05-21,2615218,1123773,205.636,88.363,1088142,85.561,,2021-01-26,3,640398,50.355
Mexico,MEX,AMRO,REPORTING,2023-05-05,222226293,96727823,172.358,75.022,81346379,63.092,,2020-12-24,8,57014052,44.22
Micronesia (Federated States of),FSM,WPRO,REPORTING,2023-03-28,198749,83871,172.791,72.917,80910,70.342,,2021-01-13,4,30537,26.549
Monaco,MCO,EURO,REPORTING,2022-12-04,71027,25319,181,64.517,24933,63.533,,2021-06-30,7,17806,45.373
Mongolia,MNG,WPRO,REPORTING,2023-03-17,5668144,2284018,172.899,69.671,2185282,66.659,,2021-02-23,6,1058839,32.299
Montenegro,MNE,EURO,REPORTING,2022-12-04,523735,272152,83.4,43.763,251583,40.456,,2021-02-24,5,0,0
Montserrat,MSR,AMRO,REPORTING,2023-05-05,4619,2104,92.398,42.088,1952,39.048,,2021-02-08,2,563,11.262
Morocco,MAR,EMRO,REPORTING,2023-05-14,55389602,25020168,150.064,67.786,23521989,63.727,,2021-01-28,10,6884356,18.651
Mozambique,MOZ,AFRO,REPORTING,2023-04-23,29457535,19939353,94.248,63.795,19765811,63.24,,2021-03-08,3,1260643,4.033
Myanmar,MMR,SEARO,REPORTING,2022-06-18,64549994,34777314,118.637,63.917,27545329,50.626,,2021-01-27,2,2227351,4.094
Namibia,NAM,AFRO,REPORTING,2023-05-14,990462,616314,38.981,24.256,538776,21.204,,2021-03-19,4,298560,11.75
Nauru,NRU,WPRO,REPORTING,2023-02-20,32157,13106,296.816,120.971,11346,104.726,,2021-04-09,2,7705,71.119
Nepal,NPL,SEARO,REPORTING,2023-05-23,61933902,27797754,212.562,95.404,24369133,83.637,,2021-01-27,8,9767015,33.521
Netherlands,NLD,EURO,REPORTING,2022-09-11,36105753,12776868,207.4,73.398,11957152,68.689,,2021-01-06,6,9417108,54.098
New Caledonia,NCL,WPRO,REPORTING,2023-04-03,480497,192371,168.301,67.381,184801,64.729,,2021-01-20,2,103325,36.191
New Zealand,NZL,WPRO,REPORTING,2023-04-21,12252378,4241210,254.081,87.951,4084115,84.693,,2021-02-19,4,2719283,56.391
Nicaragua,NIC,AMRO,REPORTING,2023-05-05,15328476,6260823,231.389,94.509,6091122,91.948,,2021-03-03,11,2892531,43.664
Niger,NER,AFRO,REPORTING,2023-03-12,7339299,6217508,30.319,25.685,5454196,22.532,,2021-03-29,2,,
Nigeria,NGA,AFRO,REPORTING,2023-03-19,116606863,82325196,56.567,39.937,69793071,33.857,,2021-03-05,1,12313372,5.973
Niue,NIU,WPRO,REPORTING,2023-03-04,4923,1638,304.265,101.236,1635,101.051,,2021-06-08,1,1225,75.711
North Macedonia,MKD,EURO,REPORTING,2023-05-07,1862987,854570,89.4,41.159,838181,40.37,,2021-02-17,7,161633,7.785
Northern Mariana Islands (Commonwealth of the),MNP,WPRO,REPORTING,2022-11-04,116159,46466,201.816,80.73,45012,78.204,,2020-12-19,3,24235,42.106
Norway,NOR,EURO,REPORTING,2023-05-14,12333824,4347099,229.8,80.988,4062092,75.678,,2020-12-23,4,3020359,56.27
occupied Palestinian territory,PSE,EMRO,REPORTING,2022-10-18,3748571,2012767,73.481,39.455,1776973,34.833,,2021-02-02,10,336967,6.605
Oman,OMN,EMRO,REPORTING,2022-10-25,7086050,3257365,138.762,63.787,3048826,59.703,,2020-12-29,11,779859,15.272
Pakistan,PAK,EMRO,REPORTING,2023-05-29,338879164,165548396,153.414,74.945,140444546,63.581,,2021-02-03,11,51108214,23.137
Palau,PLW,WPRO,REPORTING,2023-03-10,51032,18573,282.069,102.659,18278,101.028,,2021-01-03,3,12885,71.219
Panama,PAN,AMRO,REPORTING,2023-05-05,8878948,3532289,205.78,81.865,3173771,73.556,,2021-01-20,2,1769291,41.005
Papua New Guinea,PNG,WPRO,REPORTING,2023-05-21,526816,384951,5.888,4.303,323991,3.621,,2021-03-30,4,34918,0.39
Paraguay,PRY,AMRO,REPORTING,2023-05-05,9708932,3992209,136.122,55.972,3545972,49.715,,2021-02-22,8,1660654,23.283
Peru,PER,AMRO,REPORTING,2023-05-05,89218831,30469892,270.591,92.412,28637674,86.855,,2021-02-09,4,22094790,67.011
Philippines,PHL,WPRO,REPORTING,2023-03-09,170690206,78480056,155.766,71.618,74049515,67.575,,2021-03-01,11,21756899,19.855
Pitcairn Islands,PCN,WPRO,REPORTING,2022-02-28,138,55,276,110,37,74,,2021-05-17,1,23,46
Poland,POL,EURO,REPORTING,2023-05-14,58206296,22982713,153.3,60.548,22703730,59.813,,2020-12-23,5,12530960,33.013
Portugal,PRT,EURO,REPORTING,2023-05-14,27771091,9786666,269.7,95.215,8901440,86.456,,2020-12-23,12,7053415,68.507
Puerto Rico,PRI,AMRO,REPORTING,2023-05-05,7838884,2904859,274.005,101.538,2687623,93.945,,,4,1807449,63.179
Qatar,QAT,EMRO,REPORTING,2023-05-07,7609178,2852178,264.111,98.998,2852178,98.998,,,10,1904822,66.115
Republic of Korea,KOR,WPRO,REPORTING,2023-03-30,135716807,44891328,264.714,87.56,42964865,83.803,,2021-02-26,5,33643872,65.622
Republic of Moldova,MDA,EURO,REPORTING,2023-05-14,2287894,1108735,56.7,27.485,1078250,26.729,,2021-03-03,7,402330,9.974
Romania,ROU,EURO,REPORTING,2023-05-07,16110007,8187839,83.3,42.361,8142015,42.124,,2021-01-27,4,1768563,9.15
Russian Federation,RUS,EURO,OWID,2023-05-16,186678610,88798804,127.9,60.848,79701705,54.615,,,2,,
Rwanda,RWA,AFRO,REPORTING,2023-01-01,26106436,10572981,201.56,81.631,9897876,76.418,,2021-03-05,7,5879013,45.39
Saba,XCA,AMRO,REPORTING,2023-05-05,4979,1687,257.579,87.274,1667,86.239,,,,1170,60.528
"Saint Helena, Ascension and Tristan da Cunha",SHN,AFRO,OWID,2021-05-05,7892,4361,129.995,71.833,3531,58.162,,,1,,
Saint Kitts and Nevis,KNA,AMRO,REPORTING,2023-05-05,64297,33794,120.877,63.532,27000,50.76,,2021-02-22,3,3465,6.514
Saint Lucia,LCA,AMRO,REPORTING,2023-05-05,122977,60140,66.971,32.751,54971,29.936,,2021-02-17,5,7866,4.284
Saint Vincent and the Grenadines,VCT,AMRO,REPORTING,2023-05-05,73443,37532,66.201,33.831,31632,28.513,,2021-02-01,5,4279,3.857
Samoa,WSM,WPRO,REPORTING,2023-02-24,453130,191403,228.376,96.466,177954,89.688,,2021-04-18,2,82268,41.463
San Marino,SMR,EURO,REPORTING,2022-05-22,69338,26357,204.3,76.501,23633,68.595,,2021-02-24,2,19348,56.158
Sao Tome and Principe,STP,AFRO,REPORTING,2023-05-07,262837,140256,119.93,63.997,111986,51.098,,2021-03-15,2,34494,15.739
Saudi Arabia,SAU,EMRO,REPORTING,2023-04-25,68534631,27041364,196.86,77.674,25433941,73.057,,2021-01-06,10,16059326,46.129
Senegal,SEN,AFRO,REPORTING,2023-05-07,2936343,2684696,17.537,16.034,1442833,8.617,,2021-02-23,3,815965,4.873
Serbia,SRB,EURO,REPORTING,2023-03-05,6722671,3398116,97.1,49.058,3324555,47.996,,2020-12-23,5,0,0
Seychelles,SYC,AFRO,REPORTING,2023-04-09,224558,88520,228.332,90.008,83565,84.97,,2021-01-10,4,44936,45.691
Sierra Leone,SLE,AFRO,REPORTING,2023-05-21,8124614,5252127,101.851,65.841,4474092,56.088,,2021-03-15,2,865598,10.851
Singapore,SGP,WPRO,REPORTING,2023-03-28,14904028,5156281,254.755,88.136,5119313,87.505,,2020-12-30,4,4628434,79.114
Sint Eustatius,XBA,AMRO,REPORTING,2023-05-05,4319,1791,137.592,57.056,1686,53.711,,,,767,24.435
Sint Maarten,SXM,AMRO,REPORTING,2023-05-05,66829,29788,155.844,69.465,26773,62.434,,2021-02-22,3,9146,21.328
Slovakia,SVK,EURO,REPORTING,2023-05-14,7220974,2839390,132.3,52.024,2791155,51.14,,2020-12-23,7,1686204,30.895
Slovenia,SVN,EURO,REPORTING,2023-05-14,3009930,1223424,143.6,58.373,1193132,56.928,,2020-12-23,8,650669,31.045
Solomon Islands,SLB,WPRO,REPORTING,2023-04-30,610594,334834,88.893,48.747,252585,36.773,,2021-03-23,4,27444,3.995
Somalia,SOM,EMRO,REPORTING,2023-04-30,9443849,8370355,59.421,52.666,7035193,44.265,,2021-03-16,11,,
South Africa,ZAF,AFRO,REPORTING,2023-05-14,38841308,24209938,65.49,40.82,21038797,35.473,,2021-02-17,2,4377439,7.381
South Sudan,SSD,AFRO,REPORTING,2023-05-07,4312900,4262480,38.53,38.079,4220606,37.705,,2021-04-06,2,440238,3.933
Spain,ESP,EURO,REPORTING,2023-05-14,112806846,41326543,238.3,87.311,37482295,79.189,,2020-12-30,4,26557455,56.108
Sri Lanka,LKA,SEARO,REPORTING,2022-10-30,40116590,17143761,187.345,80.061,14752827,68.896,,2021-01-29,6,8220002,38.387
Sudan,SDN,EMRO,REPORTING,2023-04-02,22598737,15207452,51.537,34.681,13416394,30.597,,2021-03-09,11,3891363,8.874
Suriname,SUR,AMRO,REPORTING,2023-05-05,554588,267820,94.538,45.654,237879,40.55,,2021-02-23,5,48889,8.334
Sweden,SWE,EURO,REPORTING,2023-05-14,23221955,7470334,224.9,72.334,7332646,71.001,,2020-12-23,5,5540679,53.649
Switzerland,CHE,EURO,REPORTING,2023-05-14,16754460,6096538,193.6,70.84,5722923,66.499,,2020-12-23,6,4995324,58.044
Syrian Arab Republic,SYR,EMRO,REPORTING,2023-04-18,5090630,3295630,29.088,18.831,2358365,13.476,,2021-04-01,11,75881,0.434
Tajikistan,TJK,EURO,REPORTING,2022-12-04,18871161,5311967,197.9,55.695,5170582,54.212,,2021-03-24,6,5200841,54.53
Thailand,THA,SEARO,REPORTING,2023-04-28,139178079,57628237,199.396,82.562,54162023,77.596,,2021-02-28,8,27387819,39.238
The United Kingdom,GBR,EURO,REPORTING,2022-09-11,151248820,53813491,222.8,79.068,50762968,74.586,,2020-12-21,3,,
Timor-Leste,TLS,SEARO,REPORTING,2023-05-23,2018182,883930,153.073,67.043,799362,60.629,,2021-04-07,4,334890,25.4
Togo,TGO,AFRO,REPORTING,2023-04-02,3401991,2246404,41.093,27.135,1554066,18.772,,2021-03-10,1,427804,5.168
Tokelau,TKL,WPRO,REPORTING,2022-12-05,6342,2203,469.778,163.185,2203,163.185,,2021-07-20,1,968,71.704
Tonga,TON,WPRO,REPORTING,2023-04-30,204640,87345,193.614,82.639,77366,73.197,,2021-04-14,2,38545,36.468
Trinidad and Tobago,TTO,AMRO,REPORTING,2023-05-05,1589640,754399,113.587,53.905,718969,51.374,,2021-02-17,5,174836,12.493
Tunisia,TUN,EMRO,REPORTING,2023-05-23,13251715,7218770,112.126,61.08,6400830,54.159,,2021-03-13,10,1258254,10.646
Turkey,TUR,EURO,REPORTING,2023-01-29,139694693,50974980,,61.919,50670345,60.935,,,3,27896331,33.547
Turkmenistan,TKM,EURO,REPORTING,2023-02-05,13040514,3359468,216.2,55.702,3358426,55.684,,2021-02-24,7,3171535,52.586
Turks and Caicos Islands,TCA,AMRO,REPORTING,2023-05-05,73907,32815,190.885,84.754,30710,79.317,,2021-01-11,1,7443,19.224
Tuvalu,TUV,WPRO,REPORTING,2023-02-01,26783,9763,227.129,82.793,9505,80.605,,2021-04-13,1,5745,48.719
Uganda,UGA,AFRO,REPORTING,2023-03-26,26406936,19488104,57.731,42.605,13043107,28.515,,2021-03-10,5,745313,1.629
Ukraine,UKR,EURO,REPORTING,2022-02-27,31668577,15774300,72.4,36.069,15153577,34.65,,2021-02-24,6,741197,1.695
United Arab Emirates,ARE,EMRO,REPORTING,2022-07-06,24922054,9991089,251.982,101.018,9792266,99.008,,,11,5138699,51.956
United Republic of Tanzania,TZA,AFRO,REPORTING,2023-03-12,39392419,34434933,65.946,57.647,32165791,53.848,,2021-07-28,3,,
United States of America,USA,AMRO,REPORTING,2023-05-05,668168096,267224818,201.862,80.732,227895076,68.85,,2020-12-14,4,116556397,35.213
Uruguay,URY,AMRO,REPORTING,2023-05-05,9018326,3009646,259.615,86.64,2902292,83.55,,2021-02-27,3,2079662,59.868
Uzbekistan,UZB,EURO,REPORTING,2023-04-16,75807715,21717290,226.5,64.887,18147665,54.222,,2021-04-28,9,15454425,46.175
Vanuatu,VUT,WPRO,REPORTING,2023-02-20,355430,176624,115.721,57.505,162250,52.825,,2021-06-02,3,16556,5.39
Venezuela (Bolivarian Republic of),VEN,AMRO,REPORTING,2023-05-05,37860994,22157232,133.145,77.92,14287370,50.244,,2021-02-22,6,651502,2.291
Viet Nam,VNM,WPRO,REPORTING,2023-05-11,266312906,90259259,273.594,92.727,85931210,88.281,,2021-03-08,6,57930065,59.514
Wallis and Futuna,WLF,WPRO,REPORTING,2023-01-23,17303,7150,153.859,63.578,6803,60.493,,2021-03-19,1,3350,29.788
Yemen,YEM,EMRO,REPORTING,2023-04-18,1275368,1032545,4.276,3.462,788707,2.644,,2021-04-20,11,63989,0.215
Zambia,ZMB,AFRO,REPORTING,2023-04-09,13614983,11637730,74.059,63.304,9147920,49.76,,2021-04-14,3,1137360,6.187
Zimbabwe,ZWE,AFRO,REPORTING,2023-05-14,13935112,7208256,93.758,48.498,5386882,36.244,,2021-02-18,4,2002841,13.475
